{"type": "BTree", "build time": 6.218021631240845, "search time": 2.8727869987487793e-05, "average error": 0.0, "store size": 13538803}