{"type": "NN", "build time": 45.584771156311035, "search time": 0.00010074365854263306, "average error": 0.6200451999999951, "store size": 878}